Parameter,Mean,Std,CI_Lower,CI_Upper
intercept,342.9691618846449,0.5036593154890101,342.0024111192947,344.014898465613
Recency,-13.933983784298876,0.48676463766797956,-14.872855988896893,-12.947677309872887
Frequency,22.211811157690644,0.48843033183206874,21.2796279164013,23.190741623995002
Monetary,142.74998282822838,0.5023351489660569,141.80799044554325,143.73373710787504
