Parameter,Mean,Std,CI_Lower,CI_Upper
intercept,-0.4122235280912811,0.030051779437027245,-0.4701884336189205,-0.35367882314593274
tenure,-0.2675079027630166,0.08504211124803916,-0.4360404216223932,-0.10220506693167777
MonthlyCharges,0.33595301654241494,0.04471107745691557,0.24978496690682142,0.42466293108819725
TotalCharges,0.004442873431616536,0.09136288367406979,-0.17055340404527847,0.18658321021577493
Contract,-0.6894834907681997,0.032832565389542726,-0.7547147401230924,-0.6261765038586673
InternetService,0.0015367611518372082,0.029246494611316474,-0.05715450230152461,0.05710045262063791
PaymentMethod,-0.18155256126156688,0.0294675768200535,-0.23668937217108524,-0.12651278653521694
